Job Title,Company Name,Location,link,Is Recommended?
"
            Entry Level Marketing Assistant
          ","

              South Shore Marketing
            
","

Miami, FL
 
",http://www.linkedin.com/jobs/view/2533082610/?eBP=JOB_SEARCH_ORGANIC&recommendedFlavor=ACTIVELY_HIRING_COMPANY&refId=5arZKNQ3n73clZbDqW8PyA%3D%3D&trackingId=5ZUF8MGe3E1ESEpOL352wQ%3D%3D&trk=flagship3_search_srp_jobs,False
"
            Athletic/Sports Backgrounds - Marketing & Sales Management Training
          ","

              Charity Advertising and Marketing Partners
            
","

Dallas, TX
 
",http://www.linkedin.com/jobs/view/2536186691/?eBP=JOB_SEARCH_ORGANIC&refId=5arZKNQ3n73clZbDqW8PyA%3D%3D&trackingId=nMRcJTnhZ3%2FKFFS5kOcKog%3D%3D&trk=flagship3_search_srp_jobs,False
"
            Analyst, Sales
          ","

              Mastercard
            
","

Miami, FL
 
",http://www.linkedin.com/jobs/view/2513102446/?eBP=JOB_SEARCH_ORGANIC&recommendedFlavor=ACTIVELY_HIRING_COMPANY&refId=5arZKNQ3n73clZbDqW8PyA%3D%3D&trackingId=9SIaPNOPTgXwoDIU%2FJeJTQ%3D%3D&trk=flagship3_search_srp_jobs,False
"
            Store Retail Client Acquisition
          ","

              The Sulit Group
            
","

Coleman, FL
 
",http://www.linkedin.com/jobs/view/2530242574/?eBP=JOB_SEARCH_ORGANIC&refId=5arZKNQ3n73clZbDqW8PyA%3D%3D&trackingId=BUcZYOptKZ4AiH5msI%2BMzw%3D%3D&trk=flagship3_search_srp_jobs,False
"
            Business Development Representative
          ","

              Teikametrics
            
","

Miami, FL

                Remote
              

",http://www.linkedin.com/jobs/view/2513120156/?eBP=JOB_SEARCH_ORGANIC&recommendedFlavor=ACTIVELY_HIRING_COMPANY&refId=5arZKNQ3n73clZbDqW8PyA%3D%3D&trackingId=Du8WvRcSegcSku34AXGPdw%3D%3D&trk=flagship3_search_srp_jobs,False
"
            Social Media Assistant
          ","

              Saturday Street
            
","

Miami Lakes, FL
 
",http://www.linkedin.com/jobs/view/2533084316/?eBP=JOB_SEARCH_ORGANIC&refId=5arZKNQ3n73clZbDqW8PyA%3D%3D&trackingId=%2FMF7xKz9JyTZsg2tMiNgDg%3D%3D&trk=flagship3_search_srp_jobs,False
"
            Client Support Specialist
          ","

              Empower Business Corporation
            
","

Miami, FL
 
",http://www.linkedin.com/jobs/view/2536521025/?eBP=JOB_SEARCH_ORGANIC&refId=5arZKNQ3n73clZbDqW8PyA%3D%3D&trackingId=m3%2FlUWi0LJQOt9Xm8QYffA%3D%3D&trk=flagship3_search_srp_jobs,False
"
            Global Media Campaign Analyst
          ","

              Microsoft
            
","

Miami, FL
 
",http://www.linkedin.com/jobs/view/2487434366/?eBP=CwEAAAF5V0b7J4AOGCRztVBsLWm85fEPx7zzZ_kp3JoEQrwlZJh2gy957ng4RQN8_eGhkq242laYwn6WnTPE04z9ANiJRQBB1vyUwsBjKCFVsglF7p48Egix-y7S96r8T8yBegKIcQBG4gxcCUewQ4-iN0Bjr_q9SRvMPthkcK1QXC8JFU5fGmAUczW5iLgMebtUQCU1nDQxtKUR4cnYpwUAhtFcbXfIXrBwTXwFOrx_GkWoR_cGEBBrSZoSWGcUxhu1-NcS2o17anK1S0UW-gzMAQd0ay-0CZiKnyaWiIoABrbxCPmkvM69299DhOsqRrSyKxk4gg9sVCpPu88Lkzl-jaCDgJclxQ&recommendedFlavor=SCHOOL_RECRUIT&refId=2v1gC07pXKFKiBJMODmRaA%3D%3D&trackingId=rm6Rdtd1bWbVvvgFnDhwNw%3D%3D&trk=flagship3_search_srp_jobs,False
"
            Advertising Sales
          ","

              Haute Living
            
","

Miami, FL
 
",http://www.linkedin.com/jobs/view/2531443345/?eBP=CwEAAAF5V0b7J3zoTGoKCPBsqwC1WR-EhhKlyBAiKBfpV64MKbbGEd160kiRrjl9i8gj_F-8_7ptlBLVnbNO0_VFFW6DeYLwcTYlF2VU_99I-AmYingZhZgVDRy6zsSjyOQfZiR6LK6ICCKJNQhbo71e3A3bnXO6MyAqK3N3SD7jGi8OTjJqTkRMxDoScxMvnfasu8Sffz5CktgeOF1pRhPUvh5pGSN3z9Xp19EQSk6O6N-Aip32E881nUEcl8oqvz2hKL9KiXHX6CBA8LWFimLBAqv4lUmSevUPPJNgXFzonJrtQTH2U_xRjVxTq-ZoXheSdcaXWfp0vj-ePc_NKGcQzYjDfN976k952jTVirL1w1ykbqEE1LqcN0KRBlRaA6ro9ENMvQ&recommendedFlavor=ACTIVELY_HIRING_COMPANY&refId=2v1gC07pXKFKiBJMODmRaA%3D%3D&trackingId=SDhTEIQ086oTID86tilL4w%3D%3D&trk=flagship3_search_srp_jobs,False
"
            Analyst, Audience Engine Decision Sciences
          ","

              UM Worldwide
            
","

San Francisco Bay Area

                Remote
              

",http://www.linkedin.com/jobs/view/2533042534/?eBP=CwEAAAF5V0b7J_i6A1w6Z8yWiodQEx8u7JzUAETojnIwi1o-pwyTLJmNPgwJ33uqKIyqArmotXia84kbMJwCdog_OOGIKdujcMasdV8KtJb110NLApy8yYG8HYSGzyGe8cgzzhg3BMmWAPLDYSWSrAkRihWeCLrFy5Wa-jYRJ2BqVCXSThcJc5eR_8bm34iVYYcoSWg_Qp8Dz3QRJgUz8L1rGcdb6xwc8IAt7UYRhmQwMsk0fRdTwl4pnKa67xLbjA1ZZHJpDoMqR1lzGUo6iavyToVBWvrbt1kxaFTclzTM6WVzEk237Tz07nJ9spwwXQhWFg_pDMp9gyEtDXIvZRIfeJ4Yg8bR0uOHelsifarZlWOm2a5R9IjYd97eEHZ85FoDlyo&recommendedFlavor=COMPANY_RECRUIT&refId=2v1gC07pXKFKiBJMODmRaA%3D%3D&trackingId=nZ9YzU3i9fC3fjvQnMH82Q%3D%3D&trk=flagship3_search_srp_jobs,False
"
            Analyst, Sales
          ","

              Mastercard
            
","

Miami, FL
 
",http://www.linkedin.com/jobs/view/2511479701/?eBP=CwEAAAF5V0b7J6uCZO9xlIBsIh70Gu2wH-f05fHzH1SZFaFaSEJvn5g7enySPgUH28WHKkQ1KBqQVJqFYZGeDIKEt-JU0pueeeFxXf2GxWla8dKS6--d0Nn1nJaWD752Dg8BpQTiwUGydZ4LmiRCUuIk8Ef1c02VWGtR-QdOFsfKlvLRyacHeMSONKG7XYPzdnmFDbLTZ2AeL713RPMDnHSpLzavtN3-BQHR11GFgG6UtgmLq7_KqDWa4qkmm7I8PMOrCqNjBGLpd0K1dEkwY4vI4WLAbfAP5NOpYW-_IboCjPmKY7Cxe8iT8cS68ASM4bAGJia07X-VCZagFqDnlYPzO7UcNRNQgrCH9HJFora2q3KONGGISMAxjWbUB4qD2S5_pIAv2A&recommendedFlavor=ACTIVELY_HIRING_COMPANY&refId=2v1gC07pXKFKiBJMODmRaA%3D%3D&trackingId=2kLL23edp9vH29MLC6MD5A%3D%3D&trk=flagship3_search_srp_jobs,False
"
            Entry Level Marketing Assistant
          ","

              South Shore Marketing
            
","

Miami, FL
 
",http://www.linkedin.com/jobs/view/2533082610/?eBP=JOB_SEARCH_ORGANIC&recommendedFlavor=ACTIVELY_HIRING_COMPANY&refId=2v1gC07pXKFKiBJMODmRaA%3D%3D&trackingId=b%2FAwJGHrPN2uJcHx26yDug%3D%3D&trk=flagship3_search_srp_jobs,False
"
            Athletic/Sports Backgrounds - Marketing & Sales Management Training
          ","

              Charity Advertising and Marketing Partners
            
","

Dallas, TX
 
",http://www.linkedin.com/jobs/view/2536186691/?eBP=JOB_SEARCH_ORGANIC&refId=2v1gC07pXKFKiBJMODmRaA%3D%3D&trackingId=ahVSgVBULtpr8CFXiz0%2FbA%3D%3D&trk=flagship3_search_srp_jobs,False
"
            Audience Research Associate
          ","

              BBC Studios
            
","

New York, NY
 
",http://www.linkedin.com/jobs/view/2473449094/?eBP=CwEAAAF5V0b7Jxcoqj7nH3NGssn3TLkODRF0QK3NIZiNzPsBodIHGvZ5oW9j0kbYSabMlg6gL0Q2FdNZFl-3udr038AuwBOX_PPpC5ADQ-_pvwgJ-7ofyK-_PP4N3QMnaCc1jUZcqy2iNVeilqxwgT-L7t6sbHgRpFqfDCR6jGMkst5Z6ui5Vq6SFlUEdmnuHJ85DiPRnQIfweqhIwnTt0fM0Que2vVXAHrE13XvY9Ryndn_oBVCFXe7-6MTeJyVvDhGdFhcsoe-ooGm80aS3Gmxm_jgP_OQAbaRN8RaleCadIjGLNc1UDVcBIzp2J4LToNZEcvYJOSySz7UFY1VUIdOYa1XLgAX195PA2AfgZ7JysSxIvhqnS0T6nohcLvYUlyYiSN6sw&recommendedFlavor=ACTIVELY_HIRING_COMPANY&refId=2v1gC07pXKFKiBJMODmRaA%3D%3D&trackingId=dD1YcL5K57hjDmPZBpYtwg%3D%3D&trk=flagship3_search_srp_jobs,False
"
            Analytical Lead, Audiences
          ","

              Microsoft
            
","

Miami, FL
 
",http://www.linkedin.com/jobs/view/2483600178/?eBP=CwEAAAF5V0SeeT14YjqpRUJqNEdLo11RMPnfvlsDguMGBlNl4EMGanlY1A0dciNfZCnwir3jbMWNBQ22LmHoz-WvToCppLUCIw1oHeobne6ZVqp2nwD1UKzPk8WzjkLtLGJslMN9FT0DqWrhDp_u0fDK0zT3ERcP_pWgqieA9vWFe2R5NKwR84KPEBubn8QQLBgtxb_MfmEvk1_vBoyomUZVy2Ul2FCIm8o_XY8yHgHe1Mn12r9UwpkyyC7R7ta-nYJR5AZ0yvVQGmA5Gi-lOMAViZsBzM2BrIq0MdivQGh6Y8oaYaLof8sQZ4tqTdph3hSVW5e5Ww5qRwuhjLFdTvilIM6dx4kQWTsdrEfsPQ&recommendedFlavor=SCHOOL_RECRUIT&refId=hFvNgNx24zi%2B4cyc4aSXeA%3D%3D&trackingId=Fo4Y4aPEZRRjmpZ7fdskFQ%3D%3D&trk=flagship3_search_srp_jobs,False
"
            Automotive Advertising Account Executive
          ","

              Comcast
            
","

South Miami, FL
 
",http://www.linkedin.com/jobs/view/2540634715/?eBP=CwEAAAF5V0SeeV-e1sgFRdFmzpEByzpDexuIDADsgm6IOID-_Qu5Y7au0SaQzoKVHpxDqaVlrJCkoDX01l6_EJxDUoSYbKyKlqUFKVt9Qvgd6e9Rb9675j5ZKSBjp1HVBH2xuLaW4suatO8jWhhtoVBB0ElIL6H8JuinXO34oQljPEaEAVmNrJTj5vjn7mZQx2Guh1H7yzkugHLlFeGn8nU5oOeULSMztlH2pAd4rppk4X6ZXLlDQcPGVw96DnLIPAuzr9HuU1NTRugJ9d-Yi2OzsrUdORqN3S1MGzplBxuTTW8zpiOhSqOmIiOfXS__dYOiXBnYCmyGAdjAVMU0U_qcl3-_cQOKzDLdsMx9cPzyq-0FNBqKWRL6Uhkw8Ox8jqtyd6sQ_g&recommendedFlavor=SCHOOL_RECRUIT&refId=hFvNgNx24zi%2B4cyc4aSXeA%3D%3D&trackingId=tWCbQlOulKOq8ZU57LfL9Q%3D%3D&trk=flagship3_search_srp_jobs,False
"
            Analyst, Sales
          ","

              Mastercard
            
","

Miami, FL
 
",http://www.linkedin.com/jobs/view/2511479701/?eBP=CwEAAAF5V0SeeboFLwQsT3nk1mStyqXn2-FzCs_r5AzrI38Ze4a1jTtaCnrVNNpAauCbFMMHpHmWNbi9CGYwONnQfNtb5GHc2Jum3pQTECADcfQdBe3pGCsn1ZkwB32HffwxrdXRoDDjFeFyr4s7DG78XC-kisLLvFPnlpC0ocbmwk4ODGqlp-B9Jc9z-qmScsl299UfG7jiSIPPa7-ucONw7ERd4ObsU-AmM0kbwnDImp0go1Vd5EgwMOe03zPNu-gz8gqmWKQV3qpElzH_ltrcGQWK_CrgS4VgUFWMPetKiz_wt7A7oQ-5tRtnvEc8hSiLkgaBHR2WAWzVtnQeXyiHmC3LypvjYutWp1MI98odHhRqFmp2bOyzX5jI_ga2APhwdEHfdO-b&recommendedFlavor=ACTIVELY_HIRING_COMPANY&refId=hFvNgNx24zi%2B4cyc4aSXeA%3D%3D&trackingId=fm0xprB17YtC%2BDczCuAmwQ%3D%3D&trk=flagship3_search_srp_jobs,False
"
            Advertising Sales
          ","

              Haute Living
            
","

Miami, FL
 
",http://www.linkedin.com/jobs/view/2531443345/?eBP=CwEAAAF5V0SeecEvH9xzIeNrzp3KgCa9YJNoOlV1KN3OXUNsUWqdkS0_GVs0RI6U6ynpqVFjiaCi5HMEGPr-UEhI5Yg9Y2FQrV4WaNexpt3GuKMt9aI0dc5JcVVutupAXmWvSb4U06taB2f2DfzOBX_aNvKm7yVWK5Bm8cYmsL-zTplOLHcb1Ye761Hyl-_f6yLWhHidaKxW0wTcLdEkHQE5DYFjLl97wWser7wKkwj13TQiUyi6CXpsJ8pXd-WuyxUwI0dOE1JRIUzr2JK4tdp22osYFDwChh7SCI6BLROZgCtdOMyWT0dsWci7ZVPnTW3U6YIa0ivhJzVpGc2yu6k7rHGQ8M4alO_KZXrHCLpd-Q-LvCrPqeqjkEw07_0qCuXeUe3_cnJx&recommendedFlavor=ACTIVELY_HIRING_COMPANY&refId=hFvNgNx24zi%2B4cyc4aSXeA%3D%3D&trackingId=TGsMnzoy6aIW1k4LBPZ6vg%3D%3D&trk=flagship3_search_srp_jobs,False
"
            Entry Level Marketing Assistant
          ","

              South Shore Marketing
            
","

Miami, FL
 
",http://www.linkedin.com/jobs/view/2533082610/?eBP=JOB_SEARCH_ORGANIC&recommendedFlavor=ACTIVELY_HIRING_COMPANY&refId=hFvNgNx24zi%2B4cyc4aSXeA%3D%3D&trackingId=Aa3jGuvunZ3jnNB8ZDCUnA%3D%3D&trk=flagship3_search_srp_jobs,False
"
            Athletic/Sports Backgrounds - Marketing & Sales Management Training
          ","

              Charity Advertising and Marketing Partners
            
","

Dallas, TX
 
",http://www.linkedin.com/jobs/view/2536186691/?eBP=JOB_SEARCH_ORGANIC&refId=hFvNgNx24zi%2B4cyc4aSXeA%3D%3D&trackingId=PKS04FurwHM54Ou1OldnZQ%3D%3D&trk=flagship3_search_srp_jobs,False
"
            Analyst, Audience Engine Decision Sciences
          ","

              UM Worldwide
            
","

San Francisco Bay Area

                Remote
              

",http://www.linkedin.com/jobs/view/2533042534/?eBP=CwEAAAF5V0SeeR-sYP1GW_LdROdPH74bfGIJFmUS2j_5IWs_-djAm-Ua9hAkJ7hVadWcr_AtpSeEeZBWP4xEhhZfz242dk7s5tZyQ904oYMj0FMoWvvECtT4jXsJU56EuvGg1q2Gwd9a2Ni2kWTjWsgduWzroyGtWhKNlC1TH2NBZ9SypntopGRwNJyWXZRCbH3g5WBY410xYBssb8tp9crBmMJ5adPGL1r4K6u5rVw78haHnccgqgdExSrgRW0YjuiZ0PmCdrOdrp1Ia6EXFZNy72IMzTF0VLifpK-rjwGU0JIdgj3iPK0P8X-dCZ_QGNAy6lTPhXdZmSdJpUTxxhOXUeB3AVY4qfbmOFmkPrIkz_O2HMZGCCxFSHhlc42X0DrLKSD41g&recommendedFlavor=COMPANY_RECRUIT&refId=hFvNgNx24zi%2B4cyc4aSXeA%3D%3D&trackingId=GahioDeT9akaCMrmh8QieA%3D%3D&trk=flagship3_search_srp_jobs,False
"
            Optimization Consultant
          ","

              Salesforce
            
","

Miami, FL
 
",http://www.linkedin.com/jobs/view/2517739604/?eBP=CwEAAAF5OVr8RzSKkH954CjrDe-IPvmHphVUh8XHCCt_19Ki5O8jdlR7taB4Z7vR2xm5fqx7aFtxq0g_zolghJ_PKXcvS7f6lRULR37RwIrqP9JJFM32u6jiazuupA6hvVqgvDwQmSrvCmVaHxdSYpk1l8dO0cTWRW_fqUKl-GcG_qY8_txpyFm_wcHVgvlBq_KqKvfv4-tVjrnWC59LPBAVyzcKFgJ5nFlCqSCniBJoYJa1x80mapj7zan7dbJ8tsjVQx-QAte7i-mbF9dQiKhfsXJmrhNAYN-iDdiaZmk9qaE-DXq8o1qusRzw1XtmtCZ_EiXsoXl3WJad-8Wdv-npMjoYdWiOwyoDhB-YBLURGquHo0SQRrJxm_wjCu-JdFbk-2Lk7LhM&recommendedFlavor=IN_NETWORK&refId=R%2FbCp4Sup4tF9dxOyYKhZw%3D%3D&trackingId=3EpciveCTkAS22KrcrCDqg%3D%3D&trk=flagship3_search_srp_jobs,False
"
            Practice Integration Consultant
          ","

              ChenMed
            
","

Miami, FL
 
",http://www.linkedin.com/jobs/view/2438765026/?eBP=CwEAAAF5OVr8R1PGC-LAdoZG8vi_SLpDWHWgckKlpfbS5i21VZfK04wbqrXec-T35NX9NxV0n7ebFME1kIkXwEvRM4ETRKFFvr1lGlhlJgFfmCLlFPaJhQjQBOv3pkpWyrdwT3rtua3CPhOFFn2oypxCXV2XSRY9jhKlKsvDzPhCYy6grxTONupZY2N1B8iqYaRczE9b3TL3M_XU3GpETVwfxQ5lLZRZcOXlOR0E9HMhCO4V5KYFbjf9TtQY5wt6qKDWkg3h6AYz414VtCc-gVapn4SwWjC0HmnK6cOkYCpm0yDoA46WnCk0flRMJPWmpBJ4y8ic5y3GdmToU0VOo78Xi7H-4dnOzV_N&recommendedFlavor=SCHOOL_RECRUIT&refId=R%2FbCp4Sup4tF9dxOyYKhZw%3D%3D&trackingId=2W5cXdV99ZJqZN%2FHIrk1pg%3D%3D&trk=flagship3_search_srp_jobs,False
"
            Augmented Sector Coverage Business Analyst
          ","

              Houlihan Lokey
            
","

Miami, FL
 
",http://www.linkedin.com/jobs/view/2473433349/?eBP=CwEAAAF5OVr8R0O1KfLMWSGzGfKbT6q4CQ-Lna9BrCOieV9h2NpfwCGiIqNVpPbfGRNVdfIwkkuCYykvb0HRG3FDd5Bw2BmrbydJYWhyQ99yugbVx9jiM8Er4o9gV8VjZAG6fuIvoNX3ozusw3p6AURUc9Ih6J1CHXIiIJNl0DxM1yI5zwpfp77F9u2b5hbbI3-xKz0kGaiNAx9ElzM4___EaaqgAjn3sDUi6f9TI10RpHp_HdIGmW8HiVtyOtSGJ-AR6c4tfbI42IsS9LEmee6piNFtCziD1euAV17WYd04-hbK72nFrlNZF9tqE4tzQMve-TigTS5u0N3-i0WLENfJBAfuRXJnyeY5QGLz5NBZhNLUTWR1jR19P50Ua6ty7MX5MaBI0g&recommendedFlavor=COMPANY_RECRUIT&refId=R%2FbCp4Sup4tF9dxOyYKhZw%3D%3D&trackingId=41BNcviVlNxyn%2BGBJN48ag%3D%3D&trk=flagship3_search_srp_jobs,False
"
            Analytics and Business Consulting Team Lead
          ","

              Blackbaud
            
","

Miami, FL
 
",http://www.linkedin.com/jobs/view/2531937708/?eBP=CwEAAAF5OVr8R46KU35qDx1oQZDG59POJToqVLPC7LzI34oPhPwVRA5Ro3qbCXTiDJ3cCCrT5VI3zMgWfKPMrrY5StThdMMLdKmiVYxVl4oQEOmDGcXCOEmxzipg_whtnp0gGRURI3SH3h4cV5dn72Hlyis7qxAwvr0RdFnDUCwUhIlqHqZLHGoG4WkYVvHJ0s7Ksob7-J1RHS8WUpzXXfAwQA5gatJeRy9GXbyFH42hvwj4BPWGuUw04Pa_MNvi1Dip-rU4kE9hnoIB1cGF1hVf6RKAIe4loM7NaoOsqMQdmhrRyt2F2gKPn5IJjjU3vI4FllS2Umrc-b4TN9pDYXl5p8raLWdwstpGuCwR8A&recommendedFlavor=ACTIVELY_HIRING_COMPANY&refId=R%2FbCp4Sup4tF9dxOyYKhZw%3D%3D&trackingId=OcqL7TnhC951Iis0zSwkJg%3D%3D&trk=flagship3_search_srp_jobs,False
"
            Business Analyst
          ","

              PINKERTON | Comprehensive Risk Management
            
","

Miami, FL
 
",http://www.linkedin.com/jobs/view/2515344099/?eBP=JOB_SEARCH_ORGANIC&recommendedFlavor=ACTIVELY_HIRING_COMPANY&refId=R%2FbCp4Sup4tF9dxOyYKhZw%3D%3D&trackingId=5DFxMbMvUG6Co3j9AsapQw%3D%3D&trk=flagship3_search_srp_jobs,False
"
            Business Analyst
          ","

              Holland America Line
            
","

Miami, FL
 
",http://www.linkedin.com/jobs/view/2512586118/?eBP=JOB_SEARCH_ORGANIC&recommendedFlavor=ACTIVELY_HIRING_COMPANY&refId=R%2FbCp4Sup4tF9dxOyYKhZw%3D%3D&trackingId=BACkr8L74N20MahddvTdWg%3D%3D&trk=flagship3_search_srp_jobs,False
"
            Business Development Manager (Delicatessen Services Co., LLC)
          ","

              Boar's Head Brand
            
","

Miami, FL
 
",http://www.linkedin.com/jobs/view/2524254049/?eBP=CwEAAAF5OVr8R4Oh4q4kPQd_doG7ZPo73diJJ2p1V5bbXOmeBtq2iUvWxFKJ2uv1T7sNWMJxOMMgb-9JZre0Q9PB7S4jKyUEywdAxTPMZuyZiMk6hiSP_k3oMA523bCKxb5zAQRkNKZSgmnCJ3qG0jFK5zYiBKwgsln5dm9G5EIN1beluT31DKoaGwCyTtN8kAp-b0mvlFVFx3Q88iW1rvl_0myL91ChkSp6xY8j17TsAutmHH3HV9adkSqjM7IB0bv1eexhHQDIv2bssK7VRQ7PcAnT-guwITJKMtDe4D884Mt9RcNZYUfFCu8Y47Eu7cgvdHpSbRfDOGFTSH1vbQIMmKjopV9zQFoWPC0&refId=R%2FbCp4Sup4tF9dxOyYKhZw%3D%3D&trackingId=rw4cbseixLHEJI%2FQSy11jA%3D%3D&trk=flagship3_search_srp_jobs,False
"
            Business Data Analyst
          ","

              Auth0
            
","

Miami, FL
 
",http://www.linkedin.com/jobs/view/2497735525/?eBP=CwEAAAF5OVjYVfNWedkjuru1Gif_oWXwjmZWh5-xNCeef2ioGH1ue0jq9Esw-35UAZvN5hbYrsNrgC-mE5Ldgot6l0wMfbXsRrhNqdDe__o_OSjnHeP9PDBkokeePMzuZ8DkX-3WUGShrF6Q4aQkdC6PWaI7F1kKrOQZOfv6KmtK9-u5w63fKKGbrGXJBWShuIdRcQ6RFbsm7GoYKTszaG0dY_Bgm-kRPzRoDpFwgEdX0YtwIGzRrJQT0zRp_9bCOCfqgHiSsHAwNE2rwdKP-KbmSnHZsxb7jznH9pBd_C8lz-U3rz6fBa0EaAOlibQcOV92_WylPiBOogS1pcSG83HknHkhgsmQIM-VDII&recommendedFlavor=ACTIVELY_HIRING_COMPANY&refId=5eVc9sokXzOGCYM6igdegg%3D%3D&trackingId=FLGhpaIWRUUUHVNcpWAvkA%3D%3D&trk=flagship3_search_srp_jobs,True
"
            Treasury Data Analyst
          ","

              BankUnited
            
","

Miami, FL
 
",http://www.linkedin.com/jobs/view/2392353955/?eBP=CwEAAAF5OVjYVXzHKrcxEkhC_HT4LXSzP5SoSoJ_RpRPT5HQOq9P7ujTjxA87n5KqyEglY91sqCnq99HNEDthMrylmahDsOMRVh8QWsh6hFYbZrgjbwKZRGWlo1vAzR6BCgmThpssCW9L6sQjxAfQmb1C4BWOcr6pFgPcRjmY_Jfi-cO424GcfyZtLrttlsaZj_d61oCBZ7FTpiSg5_huc5w90Em-fq1DWmIGrkfDX1Y8cHiGAsTezlSwAwbKqVCes2_8NmXwbw3sUH1a567i1S1xTHezjpKdlu49M4OS81J8FOqrWJdER7cfx8DHKatvuZXsAOMJhIUgTeYTdUjlATGvJ24QebSphTe10o&recommendedFlavor=ACTIVELY_HIRING_COMPANY&refId=5eVc9sokXzOGCYM6igdegg%3D%3D&trackingId=aKIEVN%2B6jozUmxMLCSHEyA%3D%3D&trk=flagship3_search_srp_jobs,True
"
            BI/Data analyst
          ","

              Royal Caribbean Group
            
","

Miami, FL
 
",http://www.linkedin.com/jobs/view/2494258875/?eBP=CwEAAAF5OVjYVXYaEcK7toCQgtn8WUtjX1u1tTyqzyqgz2SLY8zLmZmklOvxG-zmerOi01O8KxuFl6JkwkpCnx0OVnVWU1CDEAcir5NDu6fnLuoEDDrvZA5xTBmXZNFQw2PCmA6xkNlQy6Dd1iuCUH_TNwaHn4_WF-X0MT52hZ8CVPjdgT4nLqXzDcB0OGkeITGjm4qpwjBGEbUXvJt_Q25zx2igM1o7AYn40wThCyQ1diWQPNW6IeGACq2SKsXHXWJzStZOXox2cWGAVXXDsJMqp99HNPp4o_aw8ZIejdQ0Lr8tggahEVModfGQ3yxXU8Gk_tiv0Cvwf3lxnpNWuO2XFiUGGpZSTvZ7yWu00GsWAu2TaIjN3bXRyfjIAhqVQV2-0fUpOg&recommendedFlavor=ACTIVELY_HIRING_COMPANY&refId=5eVc9sokXzOGCYM6igdegg%3D%3D&trackingId=f3wd2DBzX4OK%2Fbk0sSCAeQ%3D%3D&trk=flagship3_search_srp_jobs,True
"
            Data/Reporting Analyst
          ","

              BankUnited
            
","

Miami, FL
 
",http://www.linkedin.com/jobs/view/2185780885/?eBP=CwEAAAF5OVjYVRjFmr-14fngzwe4DVeLs_XfSCOxf7fChrgb8a8Ic_2T_Tq8G_col-aSaRxakZkxudyBJ1HstnmFVvy73qOBjAUUwagFmSgcBi4lUSru0JCs6K3SkZDaK0kuVmVvqalhtgwSYG_I32ry-dA1_HxuN9DzzwlWdkYK6S_OFzrA7YR3qy1V6CmME53iJWo4IROVeOCXA4geEcvHisg7Y24Q5z7wBlXphtzDchmdcwDsOMv_c0aF2NydN7g_2-Jrj8-Rbvbce2AuFaG1Cg2epTmnI-DlyJ6A-_qJ-T9rqy8A7nv8DdCnEYuWFQIfyoKJaK7-tYuNjrys3TUh-YcT4OAJCNSUZNA5lUAyX4w0cUYfHgpiA1klp6B-2Crk7znPoQ&recommendedFlavor=ACTIVELY_HIRING_COMPANY&refId=5eVc9sokXzOGCYM6igdegg%3D%3D&trackingId=Z7JZvkjdgJkM2MQsEscELg%3D%3D&trk=flagship3_search_srp_jobs,True
"
            Data Analyst (TEMP)
          ","

              University of Miami
            
","

Miami, FL
 
",http://www.linkedin.com/jobs/view/2512215177/?eBP=JOB_SEARCH_ORGANIC&recommendedFlavor=ACTIVELY_HIRING_COMPANY&refId=5eVc9sokXzOGCYM6igdegg%3D%3D&trackingId=A1Tr9ogI53VToNuZmVFbFw%3D%3D&trk=flagship3_search_srp_jobs,True
"
            IT Data Analyst
          ","

              University of Miami
            
","

Coral Gables, FL
 
",http://www.linkedin.com/jobs/view/2419741516/?eBP=JOB_SEARCH_ORGANIC&recommendedFlavor=ACTIVELY_HIRING_COMPANY&refId=5eVc9sokXzOGCYM6igdegg%3D%3D&trackingId=%2BM%2FJTDJNpfxqgm6mToSV0A%3D%3D&trk=flagship3_search_srp_jobs,True
"
            Business Data Analyst
          ","

              Auth0
            
","

Miami, FL
 
",http://www.linkedin.com/jobs/view/2497736512/?eBP=CwEAAAF5OVjYVT_aghTlvUWKkwRbjTx13qlxSuXt5KaeDXHK2akVOgFOhhCW7kPfbKL2Lvi9p5Nb_nxyLYBMtqlfeR-wbRY-Pp3AdRVFEirhlvWzDE4eBWdzBkv9NcfNNFISbMg9d5Sq_-blSd41V1NpHNpP7ez9eSzUPy-uOtpFaHGWdm1fg7mdNN3B58bOE2uvUTmPt_mykAH5wj0yjlgQvVgcgyG-7bJKBwlwUnGb-uxfB3w_e3qYpviVjucTwyPt710PW8YyLdVLVdyj97pHC6vEnTeoUlCK2CuvkLRQ1rvtyaZe6L6fmk3R5VHyD4qXtAdW2DHI7s4P1_9o6SCNVR_qUyWrPhOdkfg-JQKMB15apGX-JXsiel1ziYZhTTIsELDAQg&recommendedFlavor=ACTIVELY_HIRING_COMPANY&refId=5eVc9sokXzOGCYM6igdegg%3D%3D&trackingId=4FtOtWIR35LFt4J6jPyDWQ%3D%3D&trk=flagship3_search_srp_jobs,True
"
            Data Entry Analyst
          ","

              Miami Recovery Project
            
","

Miami, FL
 
",http://www.linkedin.com/jobs/view/2512264486/?eBP=CwEAAAF5NNP1cHiZvyycyaOI28s2504L19mZVGcg2eOkjZeTMnO6TAADgZyHL2mrtpmFZ8BqLroRhPPkAfKjKVRxiKx5jD1-p-MkAWBilhRQa15FtRKaQAezLtGeGJ7FitMyqS7NqJnfYnVu0_0m8yaHIiwxHcXfhki1CH9WzciywPsyLWMNBRrQeWyYCpyYABUf9u8PW7zq5IxT5Pp1tKFobdM9v_GZKk_gnZBBOOM7wQUaSg8Zg-mAuJyppRqYD3JkvoQAKFA3lSMZjeCj0FGRot-UK3z74U7_G87baI_NBYDs6K95Qp7TcXIO0lxvO4kyIUjJpL29wtKm-agHNaSXF6VuU2ckLgeS7V_YsEKU5TNHkn-0Kybl1FLYda8IHcFDRIH4rSym&recommendedFlavor=JOB_SEEKER_QUALIFIED&refId=ZD7H4mN5IAnx%2FM3Q0My2lQ%3D%3D&trackingId=x08tlTtyb8AiUi6iA%2Fbi8A%3D%3D&trk=flagship3_search_srp_jobs,True
"
            Data/Reporting Analyst
          ","

              BankUnited
            
","

Miami, FL
 
",http://www.linkedin.com/jobs/view/2185780885/?eBP=CwEAAAF5NNP1cLSKjtmJtSiCG8_fhZnmGZx0cb3FRF1dJdzIJQscjz2n0c5CO2kopx44cWyAj406k-QL1I3sJWP3YsEeGX9A7L4QiNsu-S8G_PvAwcg8iVJNJkc69KpLy7krOMxY24DpvinqONKxRpccpWk9t0aOcHy1WiQg-FHRnprI0ikFkABDkoLDqtRM8mnKtbKRzXPMpXtWYPwgm0Dd7dPfA5jYvQOvqb3FZlb_-tWiS8iap-aLvOZ9BkJzSiZIaUKo5TeETqdt_YrOyUQMvWtJ2HmKpWtbcBHlf-F3Y2TdlLxY7bHtbOOkW7z8V6pf0psQOmois7R5iV92J16qxFKEWMXhP8V5JTLvUb_autK7a6PaEqFKuZQORJGs8D5z_YFTsMXE&recommendedFlavor=ACTIVELY_HIRING_COMPANY&refId=ZD7H4mN5IAnx%2FM3Q0My2lQ%3D%3D&trackingId=7GQmjl5pPtX2gQqzxrgHJw%3D%3D&trk=flagship3_search_srp_jobs,True
"
            Business Data Analyst, People Analytics
          ","

              Auth0
            
","

Miami, FL
 
",http://www.linkedin.com/jobs/view/2497738387/?eBP=CwEAAAF5NNP1cPcRLmDI51odPzwtu7nksWA8VFAMMggp9j7cr02vD9_zwSw6q5Ez3Leu96B9EtlboRv6zgtNpCdapQEpe5osD9LIJJ10hP6pVGL4x8OM-01DaHxqcjgjtlGhhl0lJMx8S5K3fuZp8ERh3twwQqqN-qI-DDzyEwnO9KW6Nd9bt9pHUCeXnmOCWMvdQvsInoe6xpwSxrJO5GX__39ubo33ZnnakD-E8jeRyD5qQQole7tWkaXovVK49pNwyXCMb6ARe4zaFHatmbiOP_UvoM41WVA1gc_guHA7gOregBcI4m59xMVts5M6wPXAvVuuRuVptiDKFNzFvPI2bqt-TOKg6HJJI7TMhf4qhj7GiDBKeKLj61htYMnfvwyzowi81Q&recommendedFlavor=ACTIVELY_HIRING_COMPANY&refId=ZD7H4mN5IAnx%2FM3Q0My2lQ%3D%3D&trackingId=E7HTUN9paxgfWwtJzkQt7Q%3D%3D&trk=flagship3_search_srp_jobs,True
"
            Cloud - Data Analyst - Cloud Analytics
          ","

              Elastic
            
","

Miami, FL
 
",http://www.linkedin.com/jobs/view/2515326994/?eBP=CwEAAAF5NNP1cRnxqZE2F-mALgwiwFZlOhq3WcEwdS4K5qbwibo1MGl1fIe4qIpwfxnmBFFUNifOMz2PeqLUvhwb5IXW89ZkjqgRX0Ms9K8r9MyHdTG8Rrl74EQFDDPor2bPy4Z54QGkCLhj9--eoVIOEBZOmc7JhtPjMKVsYJAI5MAjBR4JnVCGPJIdx7a2UhxkfDfeJk4YJu9jsdbG1p4NDGptHmBvUnmEi8gtDigVtv66k2yD4Sux75XdgqqaAvYN8zCa9tA3Tj5_sKrliC7AempdcZWCEvOeyuv2gWK_eL6LbPbf0v_eqQ78nQ6GBAdwYF1bGnLZo6mrnHJtPs7PrZ7V9jfXHuoxmc843v_EbvzOa3rIZ2sr_fUfShzBVicZ2wTgSQ&recommendedFlavor=ACTIVELY_HIRING_COMPANY&refId=ZD7H4mN5IAnx%2FM3Q0My2lQ%3D%3D&trackingId=VORtsghh2EyEr48mAD4KIg%3D%3D&trk=flagship3_search_srp_jobs,True
"
            Data Analyst (TEMP)
          ","

              University of Miami
            
","

Miami, FL
 
",http://www.linkedin.com/jobs/view/2512215177/?eBP=JOB_SEARCH_ORGANIC&recommendedFlavor=ACTIVELY_HIRING_COMPANY&refId=ZD7H4mN5IAnx%2FM3Q0My2lQ%3D%3D&trackingId=4aYk%2Bv5T6Emi90G3snIfDQ%3D%3D&trk=flagship3_search_srp_jobs,True
"
            Treasury Data Analyst
          ","

              BankUnited
            
","

Miami, FL
 
",http://www.linkedin.com/jobs/view/2392353955/?eBP=JOB_SEARCH_ORGANIC&recommendedFlavor=ACTIVELY_HIRING_COMPANY&refId=ZD7H4mN5IAnx%2FM3Q0My2lQ%3D%3D&trackingId=RqEtNyc0CaHDw2faGoeAAw%3D%3D&trk=flagship3_search_srp_jobs,True
"
            Master Data Business Analyst
          ","

              Costa Farms
            
","

Miami, FL
 
",http://www.linkedin.com/jobs/view/2515369721/?eBP=CwEAAAF5NNP1cf0ECVHFFW2_Fr4nm5v91JcT8cIj7tNZYtAIhYbr9027dkMkYQbQjCYBcPAoBY_80tsoqWNdc1OniKJ5dD5-NZ_9L3yR5f9pE5UFYgTaL391bfG54mJ7F2JH3jYecWJhDGf-iax6IpzgpoJavI7q5EsM_ViTWyv-tM75jiIH4kNo_djGHfJCGftvcUuiEvsiv7vKomaARTJCHpJbF2J0n7a-sLS3AWW-c2ablJ57FRkAsA2Wy7PXQauZJIS6aFN_e9kkQSdiEhZmod3Ulu4hjhq_IkcqaLznNKQUclLn5fHxAMuT0DVRcezeazY06dkqXUtyMj6NVf2wkgFofQiqRA8DrcgzMbY2rML-TnKdxTJp7bcCCB7efuBjaR2-Ml6n&recommendedFlavor=ACTIVELY_HIRING_COMPANY&refId=ZD7H4mN5IAnx%2FM3Q0My2lQ%3D%3D&trackingId=kOZMwofaUSHdB2hWgHDV3w%3D%3D&trk=flagship3_search_srp_jobs,True
"
            Data Entry Analyst
          ","

              Miami Recovery Project
            
","

Miami, FL
 
",http://www.linkedin.com/jobs/view/2512264486/?eBP=CwEAAAF5NNMEn50KIaRe2-h90yb0yy5IlYrmi1LI_Se3G6AR1ECJ_5Wq1i8kDt_e4bvBfymPM5Evq-VtolcwlLWuXa7K7bwfbchmwM3nQDji-I73AL_DErtPOKg3lLuq4hjy6VpeFieFg0uDo_xoOFBHA2U6aPbp9g76ntH17iUZFc6886DoxKlgX-xRlkCoijTuwDUwgE65RJugkx9kLrMc1SmQixLFTDQoX0iwa7rsVRJ9_jl4Tv14Ihq2HNJOmAFarIdguFhYg5lFBqSsXmWBaEGeFKSlolGeT3OZ58T4DWVfqGP1PRXrrYsqQ4x2hx3BZIuASDEKVP9e_3IROsjKra8fq6OhbroTLnJc3GL2pKpf__jImEHzyJjIJk49vNDhHlsKfPZh&recommendedFlavor=JOB_SEEKER_QUALIFIED&refId=N%2B47EKxU5Dus9N3KbFLhgw%3D%3D&trackingId=zfuIPUV8Uc%2Bidi2pyBX96Q%3D%3D&trk=flagship3_search_srp_jobs,True
"
            Data/Reporting Analyst
          ","

              BankUnited
            
","

Miami, FL
 
",http://www.linkedin.com/jobs/view/2185780885/?eBP=CwEAAAF5NNMEnwH0KuNDfZtiHnFu07dYqpYY_VtCGP_3Ca12vIg1gVEq06GIO01bK9xy9bouIkfhMknjQgVoQsr572cKazQ67UkrYcEUXlSya8f6SowCtB8IVUKEH0UUVPa0SGXGry2XE-myJ4wrIZabyezA-YYVRvveAwypahQGI6yBsF43H9brCYfIan2neGvsIecAJrQiIvDLSPkZKh28kZtQx1uE87hmwORMwncItg4ouLS-_UsImNYGat1_bL1zdbGizPApOC5sPC0hxG65CTHrq2RVCR3Z1A60QItYd8bdcuDDV5PYb72s6TeUOsQExgMJ15AyoTROGnKdpPCwsuLl35itefx0tYJ4PmqeLdzDJ1y2hmZ_Xbg0dBl9xNIJpHkzlq1w&recommendedFlavor=ACTIVELY_HIRING_COMPANY&refId=N%2B47EKxU5Dus9N3KbFLhgw%3D%3D&trackingId=%2FdUJam54JFZtZRf%2BITcOyA%3D%3D&trk=flagship3_search_srp_jobs,True
"
            Business Data Analyst, People Analytics
          ","

              Auth0
            
","

Miami, FL
 
",http://www.linkedin.com/jobs/view/2497738387/?eBP=CwEAAAF5NNMEnx0-6dARSlnM7Gv1WPWGVujMhlOty8ejt8DkvyLElIF5k7IkQMciRaF1AYg0n0L9axXcBxd3D1GPTUxz5uBSj3lLbhbKauie1kBKI_LJAkI2uS9YmD9NQqPitUm04fBUTZJ_PHekxEAVMxPcZb6nrJMEdh99yJt7hFDmbFmrWVJDDkNOb5CGxRZZdzWy2T2rVPmr-3djAGy-oqLxDi8eBK7RVLPbdIe8xcnEFHSRQnjnxR7TnbMcfuuR006J6Ov6ZyQKUDRziv87yV1bYaStwlmgyYprTb2woQcNGen4keFhJxlg4h9K4I520oCRA6lB2pKdMXz60KlQ18S_2mNVGvaRFizYGLz2JHKwnTA058m9stEZcb2LFmU_Vn3hm080&recommendedFlavor=ACTIVELY_HIRING_COMPANY&refId=N%2B47EKxU5Dus9N3KbFLhgw%3D%3D&trackingId=2iUd5SsrRejNRIcqV0buQQ%3D%3D&trk=flagship3_search_srp_jobs,True
"
            Master Data Business Analyst
          ","

              Costa Farms
            
","

Miami, FL
 
",http://www.linkedin.com/jobs/view/2515369721/?eBP=CwEAAAF5NNMEoErTCj4VBJ1JeJ1Iy4tkMRLTkH06ztjWs0THY82pbaNocboJnHgVMNqj016ija3ui8cVB7r5-U9wEyLUdjKvTKqlebc7wHmvTc56vbO3ol8Xf1E0QxhRLBL0SCaWeAD32NsNEel7iu-eJ-tguOiJ8B-DHWWDhPpExy64ljaMxueN0RCzp8Ta2DaiLc_LcVjzKfP-ajs_XjZ1d4-vTkZFad4bNJIsKTN00PmyYnsF4bsOK-PyqIKVI6dkgnXRfXtwo6hKCuiS_jPDqYRSMNJeE4Yx4Y_-pyWIQDiwmi-OuG4bC93hQsZ7uq4sAK45--VZmlkxSyhkMDm26V0AQkPMNpCOq_7kaB5EX0TvXKxBfmLo1dxtYNlR-UltuD4ISWfs&recommendedFlavor=ACTIVELY_HIRING_COMPANY&refId=N%2B47EKxU5Dus9N3KbFLhgw%3D%3D&trackingId=a8de50lQPgmcY4kDacySkw%3D%3D&trk=flagship3_search_srp_jobs,True
"
            Data Analyst (TEMP)
          ","

              University of Miami
            
","

Miami, FL
 
",http://www.linkedin.com/jobs/view/2512215177/?eBP=JOB_SEARCH_ORGANIC&recommendedFlavor=ACTIVELY_HIRING_COMPANY&refId=N%2B47EKxU5Dus9N3KbFLhgw%3D%3D&trackingId=Uz4kdmZ4AZVn8wmVRdyMnw%3D%3D&trk=flagship3_search_srp_jobs,True
"
            Treasury Data Analyst
          ","

              BankUnited
            
","

Miami, FL
 
",http://www.linkedin.com/jobs/view/2392353955/?eBP=JOB_SEARCH_ORGANIC&recommendedFlavor=ACTIVELY_HIRING_COMPANY&refId=N%2B47EKxU5Dus9N3KbFLhgw%3D%3D&trackingId=zywEAl%2Buj3NWdTPLuZQ5Ng%3D%3D&trk=flagship3_search_srp_jobs,True
"
            Cloud - Data Analyst - Cloud Analytics
          ","

              Elastic
            
","

Miami, FL
 
",http://www.linkedin.com/jobs/view/2515326994/?eBP=CwEAAAF5NNMEoHL_Qvy9BkO6RrPRs5cfKqxJFeGq1YsaaMLtfDJjt5D_SJmKIvQ7yWqw8Msvj9xo25mYDtQsARuhwarsaqjMsfX-VvwGBxwnD78kzsAsGMt5VRlIj42xkFWRqBhlqPbVxjJxbkE5sVTuBneZa-0bERPb3BV0Ea77SGEhUY_WbmGaK0SeVFbomB_Mm72XR4CQE31UK93nwBMUFQ2-LRWBU46GHuo8yzFMEqCmgxiozMaIRgkxH1SK53CopfHeDhlOehM0s-6jF-QmlUq7EevcFscgN2TOvRYIZTdm7a8lxrx0x0aqEsEahP1U0n6e5AJUIRvQ_g7NRQZRQvIqeDhVeI7j1elzy09R95ws-mtIJzoCJLK7zYcPYzVU_wRnErCw&recommendedFlavor=ACTIVELY_HIRING_COMPANY&refId=N%2B47EKxU5Dus9N3KbFLhgw%3D%3D&trackingId=cF0zmGboKdHj0u8FNlV76w%3D%3D&trk=flagship3_search_srp_jobs,True
"
            Treasury Data Analyst
          ","

              BankUnited
            
","

Miami, FL
 
",http://www.linkedin.com/jobs/view/2392353955/?eBP=CwEAAAF5KmXDqToeTlU88fwCqsKT2zmE1kssUr34owXTfwQbJF-F-I620NQSBpyr-sCn-miSC0tvcMAwLE7ZuTFxkSVAkWSbCwGJ-GgJlVebgQ5FE2Guekm5cy8R8OJZJWLBkL56pqIHyiWedwP1xQF2VofoY6DWpBRt_rS02IFwlZDaZSgjNWuzhe9E0HCvSFxJB2Z4x3wcZFWNNuRZ7rT2j5YFuvqbtCGh3kpG1S49KpzRI_prlS2BtuX2x5RCqCs2XG1-jD1PSAdiyyTcWFpO0GvY9b7aM39WJOR53DQqhY0Cd31UvoDDKZqlRtJ8fSIRbjVzmtaxmMViBcLrQ7W9a9OAgE0f1YA2oEH41ty1xaTSICLoRI5s59X6Uu5NBI9Av6_JR2BD3E4&recommendedFlavor=ACTIVELY_HIRING_COMPANY&refId=iIc0GF7avtXCFFw%2F6KWC%2Bw%3D%3D&trackingId=L046304A9v5N3icFYqexsg%3D%3D&trk=flagship3_search_srp_jobs,True
"
            Data Entry Analyst
          ","

              Miami Recovery Project
            
","

Miami, FL
 
",http://www.linkedin.com/jobs/view/2512264486/?eBP=CwEAAAF5KmXDqq_P0_70IRDcREJrzVOKC-TkdxIcDPrO89XMsg_b9dUkHYUhdCzkr0KUE4e8FuKYuBYKVKvMc8LwxfOsrGyeBpNWrBP-lE4Nyfrc2EPrKly1ztJzZvlTIqJ9n9E3kxQC9E2MlRu1sSV4hdDJ6Xluj5iZkwHxSAJM9HYBY7mXSeivQBkoVfBhjQvRqT-6IB-TXomyamhPPugG5qLl81uSM5evuaOO42-7pTMjWMi90rM5btbznOUQ7iLwBcXVA15G8VwghHnbj8U5m8PO17AnxqERrIDn8VS5jc7yqx79PZP6JNcFd-47KKXH6A1hqQF3_dbJ28q9OCHH9vzpqvos19Ga9RIShYwjUzILoUco9-rXroMj1FNB2M7lgEB9PPHNoFg&recommendedFlavor=JOB_SEEKER_QUALIFIED&refId=iIc0GF7avtXCFFw%2F6KWC%2Bw%3D%3D&trackingId=xvriYUe0d2kApL9iYCIQsA%3D%3D&trk=flagship3_search_srp_jobs,True
"
            Data/Reporting Analyst
          ","

              BankUnited
            
","

Miami, FL
 
",http://www.linkedin.com/jobs/view/2185780885/?eBP=CwEAAAF5KmXDql3q5EcTX-HqOAHqOHkE-rkPMEcPuAVlE6n4azkNA6I6G7dZGnujvJg8a7JPwQ7460ouwymxFrIrflLnkult9tcLTYqELXvHn0jWvvDW0molZA45pkVmGXd5GaNfKoODrTJPe3xH0SvZNaSP7BtE8jCh_BxejHLMXevz3ohAocCE8cg2-kuLERKu7GsV3U43lpkn9NQ1Ag96k9kEsUxz_LMIvKJ1GyPQ31-YPMdQOJcr3zm5b0kXFYFUbLiJQzny0NJ9C-8eHvtMHMJaNpnLg_Y4XQhLxiyw43RfFyyyi17PTOJQG3wjuTwMzJRqd1_7l5X6vUPjqonk0m58f83MKpF2qBqA4HGvlq16mFLp_kQFgYTmMbEDU6Taa0ycblO-O8w&recommendedFlavor=ACTIVELY_HIRING_COMPANY&refId=iIc0GF7avtXCFFw%2F6KWC%2Bw%3D%3D&trackingId=0HJhseNxdhQoKLMyNmGglg%3D%3D&trk=flagship3_search_srp_jobs,True
"
            Business Data Analyst, People Analytics
          ","

              Auth0
            
","

Miami, FL
 
",http://www.linkedin.com/jobs/view/2497738387/?eBP=CwEAAAF5KmXDqlZrBhAH7I_jsvS3yaFItArsaeXyvcdFYJENLKgxoe79f9JnW5jHogHN9bOzK1t6uSmwzoTUe5quvhB90eNsh85zPZlg80JRsgcN7JmU9pDUsn8miATCefzYgYsQhVqMpTL2h6mTjX5wS3w71N2UYuxo_Xv3UbxYSw4Ihv1KE24sV54KMgLoGW1fxK_4gp_tzo-btnz3UVIuRsvpk0_OUV5sbUzNt7A8NGOEWVooJNn9ywYzTAUnvwtyiKDki8c7vSqxcvCxsykKoofYetumn4HgOHZInYUEN0kr_tj53JBXr5YyDcdDvsnuEHK8HR2KRR8Vqn99oXEYLV3vgQhYQDJCjV5r4wj2x964GRkGC6zCtfveTzhjqPUjuYBAsHgS_YA&recommendedFlavor=ACTIVELY_HIRING_COMPANY&refId=iIc0GF7avtXCFFw%2F6KWC%2Bw%3D%3D&trackingId=R5TDIrygf%2BvBk4kv01t%2F1g%3D%3D&trk=flagship3_search_srp_jobs,True
"
            Data Analyst (TEMP)
          ","

              University of Miami
            
","

Miami, FL
 
",http://www.linkedin.com/jobs/view/2512215177/?eBP=JOB_SEARCH_ORGANIC&recommendedFlavor=ACTIVELY_HIRING_COMPANY&refId=iIc0GF7avtXCFFw%2F6KWC%2Bw%3D%3D&trackingId=ecrP7GkxtZpSkvixDyuyHA%3D%3D&trk=flagship3_search_srp_jobs,True
"
            BI/Data analyst
          ","

              Royal Caribbean Group
            
","

Miami, FL
 
",http://www.linkedin.com/jobs/view/2494258875/?eBP=JOB_SEARCH_ORGANIC&recommendedFlavor=ACTIVELY_HIRING_COMPANY&refId=iIc0GF7avtXCFFw%2F6KWC%2Bw%3D%3D&trackingId=3G8bMRF792Romi3rSAz99A%3D%3D&trk=flagship3_search_srp_jobs,True
"
            Analyst, Onboard Revenue Systems
          ","

              Royal Caribbean Group
            
","

Miami, FL
 
",http://www.linkedin.com/jobs/view/2487417637/?eBP=CwEAAAF5KmXDqoD0PtZ0sJg6DYIhdPKtaCKFMFZuOyw82jfrHCxR6TlMyai8qRxJsNaByrqbKSGOycLEwmMe6HDEeFYS7v__cDHOgcuDeafLj9St5pv5Uv2qxpsXoU0Jp1erH3KtlE0w4xVWtYuNQnC1jYb8gFLyKRUWp-TGtKw5OkT6PkrBWXkO1t1RSDHj8if0RdjtnR_o0oPf3vtlqkC4Z452DP9Tot71R95C8RYJb49wL0oReIeedqHu44p5nsKkRA2yBwf4jLODixRI-OB9Yp-3PWQR_ZQkdN8an8xx1zs3pl8JpNTs4cKPTAOcFPW228xOzibD-1dZdyg-gfAhQg4ZGjBe4QFp8jzmJXtzCQw-7_ckSVIKS2HNzYBWuA518nWgtFfTwWc&recommendedFlavor=ACTIVELY_HIRING_COMPANY&refId=iIc0GF7avtXCFFw%2F6KWC%2Bw%3D%3D&trackingId=Eva9nukreO9DkE3rW3feCw%3D%3D&trk=flagship3_search_srp_jobs,False
"
            Treasury Data Analyst
          ","

              BankUnited
            
","

Miami, FL
 
",http://www.linkedin.com/jobs/view/2392353955/?eBP=CwEAAAF5Gxv9l_rOp1rEpPBgwMlRM8BwqZWiRa9oYbrrFY1QMCPTp1683DFsnjLkcAmxqmUDr5MHQL3uOcN7HDXv1EHuIXVamqfPzAjTQqvDB4qOg9oggYJoBEHcOc12diDfIv2KS_9pRJ3v6kavNs7-SWjlNV77DsMQef1qKVkxWBxUPWYsZjB5RLyJgTGtLqabAZ6wAO_aSf3SHWWqumgPosTC_2fSrvLMpY7HJiuxmJ84JVJLry8J-sru99vR-tkjK5laUstkMsuVVk02SrLeUIKWSlsvmfY4o24AbfG-Z2E9wVhq3b4ZIzkow57uoBPjoTVsK493RJ-YjNS13o5GhRkxXrvo3lbYM1UNI-mdegIL31pFeOSg-3BGW49Psl5EsVlzVSogSZs&recommendedFlavor=ACTIVELY_HIRING_COMPANY&refId=5%2FGpqlnvC%2BxQVFU4xofx9Q%3D%3D&trackingId=sGbZC2bFeLekUZ4DlhDf2w%3D%3D&trk=flagship3_search_srp_jobs,True
"
            Business Data Analyst
          ","

              Auth0
            
","

Miami, FL
 
",http://www.linkedin.com/jobs/view/2497735525/?eBP=CwEAAAF5Gxv9l61rW1_aK-KTK8HXP8MRzeW-v4er27ZnICabESMb7-BBeEuKzhXmaL7IsrPidQyAyFrLtjW5blHbadQabrQsf-K58jLlrkHgHoN7arDDguWL2hn7qeN1ii7SDhkp9JJibYx8mEDwjPjDAsRcHfgkM6cZ7wUGxwc_NbOdrnUNGgtbWJOhkz2NPydRsiXO4WdoDcml3vTdHvkY6U_bGi5YsHD143Tgje5JmRTO7vCpowIzYBVYazGatENgmD2aUwrB6Wsvlqlvh9mkpguhdXFpdMcEk42Rz_aXMY6xysufKg7vbRA569KLC_R5Nn1zt-8kjMHGmC8O4zPSzqKQ5zlthDgG7Rqw3h3fTip2ho2w9_2v6aHFvi1-XUNRlfw49GjKr_4&recommendedFlavor=ACTIVELY_HIRING_COMPANY&refId=5%2FGpqlnvC%2BxQVFU4xofx9Q%3D%3D&trackingId=KK%2BiOC%2BH54xuGtGx1BXJKA%3D%3D&trk=flagship3_search_srp_jobs,True
"
            Data/Reporting Analyst
          ","

              BankUnited
            
","

Miami, FL
 
",http://www.linkedin.com/jobs/view/2185780885/?eBP=CwEAAAF5Gxv9l7-AW2LSZKLA7_eyMwEpQ4DhIkdrBWgxeHYPW6l4UlyVeKrin9Xn0fT-4qgXSVZWZDpQ5AhKRC3VYapRTqOgjQy2uu9yqZVCA2Zfe7n-wmeV3D8VjCxisdc_xhl-Rr8HUMNsVgk-BfQVN_sornXTxQiEhP6Eblb7AjXDsJeLi59zao0Qjbl33c_2AA8ZAlMWBDFT2iC3Je5dohn0RlbRY6fLPXeU4-KZnfgQ3QK8gHz4-Wm3Z0pDO8pafF6RjxoiTDZ-a1zAsLbbSQ_mWmfzrQ3cAwtkx06xUiWUWSzj2Er4lVR4WUxSk6mfIys6l_6nbOPldtn8TfL8tm9AO047rMuShGvk_j_npkCSC9EJOHK792j_ZMZ_ioykzVFhZp3CVck&recommendedFlavor=ACTIVELY_HIRING_COMPANY&refId=5%2FGpqlnvC%2BxQVFU4xofx9Q%3D%3D&trackingId=wnB8ihxG3J8dEwdtmtQL4Q%3D%3D&trk=flagship3_search_srp_jobs,True
"
            Data Entry Analyst
          ","

              Miami Recovery Project
            
","

Miami, FL
 
",http://www.linkedin.com/jobs/view/2512264486/?eBP=CwEAAAF5Gxv9l6bhvvTWX22Aqbkbz0uw0ZEZR5K12ABF_cULRijuNPW_ZEzc2aEO4AHkFch4j202AMREiugExJwnGu4S6TqmPRh8dT41mCyXZncCWkGeFUC2KX5zk_YnQnxNNu-4fl3NfNU31GVVYKeXlJX3I8C46-pt5ZpZssxdSONhwYJi3EncSTJa_wgKENgz8xAlYMvcYqNK5XTG5fHBGqjl2VYQkTEFHnNEAOIz7yCJ6dpCAHWz4zQQZxnLRYrFy7uKgMOQLswbH-DeG4OTT5KkOzeGl6L4hp8uQgQZBat25s7yZlD1eMqNc4kx-5HpU0KdySFbFZbNIRApkAlJKRiCOsz1kT8MbEnyMoVvSLObAROl2eLC1hkHIzbAeqZa2E-Fyd2opFH0bw&recommendedFlavor=JOB_SEEKER_QUALIFIED&refId=5%2FGpqlnvC%2BxQVFU4xofx9Q%3D%3D&trackingId=k61iigsucPjSuVhLsSviTw%3D%3D&trk=flagship3_search_srp_jobs,True
"
            Data Analyst (TEMP)
          ","

              University of Miami
            
","

Miami, FL
 
",http://www.linkedin.com/jobs/view/2512215177/?eBP=JOB_SEARCH_ORGANIC&recommendedFlavor=ACTIVELY_HIRING_COMPANY&refId=5%2FGpqlnvC%2BxQVFU4xofx9Q%3D%3D&trackingId=Es9tTISYfL9hAcG7NsI9zg%3D%3D&trk=flagship3_search_srp_jobs,True
"
            Entry Level Data Analyst
          ","

              Asta CRS, Inc.
            
","

Miami, FL
 
",http://www.linkedin.com/jobs/view/2516947473/?eBP=JOB_SEARCH_ORGANIC&recommendedFlavor=ACTIVELY_HIRING_COMPANY&refId=5%2FGpqlnvC%2BxQVFU4xofx9Q%3D%3D&trackingId=qnllTsW2AT7bK2ypI0C3cw%3D%3D&trk=flagship3_search_srp_jobs,True
"
            Sales Support Analyst
          ","

              Atlas Air
            
","

Miami, FL
 
",http://www.linkedin.com/jobs/view/2523514012/?eBP=CwEAAAF5Gxv9l0e8heHK29_l99ogUajBLLgePpec6beXU7BqDZW906onAdXsjn-IdSshyOG6kFdmfPBRmCKhxsmcEL5XcZ5PC2RmySx5uX7FfBVLJTxFJvlHYVFzFX4M8A9Mdu0T3VrKwh6u71xlpkWrelOM-GNJTCYzf5E6ImUacDGQfYGXDzIaasuNpJJbk29IUp-xKdh9XEdsAlAFi-Uc8O5SZcWeJifsMHwrfVp9Ci7EHqN4Qa9SYs5HAq7MbYTD28MDB8RZyXgEsip3JItO2ObmNusGCe3jbKxYcsbcCAq1wTQ9jjbGy5Pkmfu5p8SUQvaQctTsRYkwlT4sYjrUbfhE277M6d70PQiIQj2tyDtOY-HPUJZhRDgJB0WPsyhvwFoKEDb0wFY&recommendedFlavor=ACTIVELY_HIRING_COMPANY&refId=5%2FGpqlnvC%2BxQVFU4xofx9Q%3D%3D&trackingId=3KUJj7I7z7iAK4Qal9p5Lg%3D%3D&trk=flagship3_search_srp_jobs,False
"
            Treasury Data Analyst
          ","

              BankUnited
            
","

Miami, FL
 
",http://www.linkedin.com/jobs/view/2392353955/?eBP=CwEAAAF5Gwv_GP1d0pvbn54EnRuXKP1LXj3GEEq9sEKJp9P4WVB4gu29LmH7cy5GZXMNOJX_gx-oiejvbraW8_-oRTahz-XM-ikONYEZOUfaf8kVZAVQvtoGCBeOkM8GP_PFHxLFA-02F8sBt3r38ie6HtxXu7hRgBtlpCZ_r0b9vhxhi2DOctZDEKlHSwIllTe0ddZv46iC2WM2NQTmDHeShYY6F0vSg4pC5egHq-Lnzal7H1B-W6sZjqpmNwSmeBUXiXpKwopnRv7paB6iY0idzlGnAx799K7C6wMmkn_EKHjSJq84sUu5pPzgIiksBFYw4_5eNP2iSazo_46AoLwGEfO01U3Dde6_rkfzif1y_HHKc_POAyYYtVIBXgYN4W4fK207lw&recommendedFlavor=ACTIVELY_HIRING_COMPANY&refId=Q5ZulEQg%2BtTaMAu6SYe3CQ%3D%3D&trackingId=TebScD4vL8lmrUuKS3eSew%3D%3D&trk=flagship3_search_srp_jobs,True
"
            Business Data Analyst
          ","

              Auth0
            
","

Miami, FL
 
",http://www.linkedin.com/jobs/view/2497735525/?eBP=CwEAAAF5Gwv_GexFyCskyIBUbztazNRFPPwryWEvlunqKl2bIMVMtZ5tCq5FU2G8tLEHVzgB3rFusnFW2AbO0e5xe7DhNj8Q4_pPlD0585Ku-FqqwVInYZ4tzf8_E53QxEauuQncpOobebkZz-v2GYh7civZWVtLPihGJerVq-srCL-iNQgXz1dH37GU2YcnfzNZbgMjtFbKxIisrVGcr2gZ3JIr4RCun7MmerxFclNnPZ29Dxnp4Z8cY--k7sg5glPc-pEYQVHvu1YeWCCLf7ESEIMETzvGuDIeYVYXY0QrSLoX5i1RhFcfPZWMMiZwYUqeE0UIGMBK1WG2tNhCqJ1GerqxW_TKuYhusV13GmoDQdqHa_vpUkyKGeszv0oPZG2_bHw82TtR&recommendedFlavor=ACTIVELY_HIRING_COMPANY&refId=Q5ZulEQg%2BtTaMAu6SYe3CQ%3D%3D&trackingId=qyRj%2F57ROSnRoGAWJb5JvQ%3D%3D&trk=flagship3_search_srp_jobs,True
"
            Data/Reporting Analyst
          ","

              BankUnited
            
","

Miami, FL
 
",http://www.linkedin.com/jobs/view/2185780885/?eBP=CwEAAAF5Gwv_GQQJac0HV3ETShnl4ID64jmIzoCMYxM_PrdYSNOJqqe7Joyv5plKJI_H54ORMJbKDI2GpO06MS7wMoV9hcl9dlhg1tnFbf8mWQYn0iadx6oBM1bHRopIocqxvOr7SV1oRRulTMJaw6X1S27R-e5C7wj6lK0zszmkgbS-qz2Uao5N6iOJAC0ikGMrn34Vyk2eicneEsJW51B1hlhWo8KCbIW1A1SDRtTL1ywplWYmDSJ2-S9HEJq3pmEIL0Dc87nQrR7X-LIf96pqfiFPwG5GX-eVFMDj5zwHuEghSKrTTqwgPsLJ9w4xPXQQymZm3gVCykrCPSFrS_ODjHcsilIGS6O8y719IvOWGMliI05Doqlg572GHlh__BtODdrzom6S&recommendedFlavor=ACTIVELY_HIRING_COMPANY&refId=Q5ZulEQg%2BtTaMAu6SYe3CQ%3D%3D&trackingId=PpSMk9e%2FWeXIwJ5YD6%2Fw%2Fw%3D%3D&trk=flagship3_search_srp_jobs,True
"
            Data Entry Analyst
          ","

              Miami Recovery Project
            
","

Miami, FL
 
",http://www.linkedin.com/jobs/view/2512264486/?eBP=CwEAAAF5Gwv_GeUKpEkkvDWciUvlyTadw8tqLPPac8BzvzfS31rD_uhlU8wJqExkU8QLEiQq42BDo5ab8k97SyD-Qy6pDurz1PQ92lSxqjzRPaBc-sDp-QReRhdykcAktgKdwvPXFnmZBplZUQy2VOPiHwv217gS7kS9ecwyaiIsT5WH-t8Vnwu3bFXBTEm_Dp7bmkhIEyLMDBlcT-bKSf3DuIccm_JmMeifhv8-PVSY0V5Z-2_uFd0m8w-XT5fXxm7GMXL_NPnN_nUL08zDRcWHcHw9dWY5za2VZmMOJ-vtbk_OgY0SNnfmPyJq1lA5KjnsH-fMOtXcIctiVD-HNYyji-CAu5Fidb8musyNtshGhuAFDqxBs_zdzD9QaA0v5XLhvE0WJ0FnbnM&recommendedFlavor=JOB_SEEKER_QUALIFIED&refId=Q5ZulEQg%2BtTaMAu6SYe3CQ%3D%3D&trackingId=5575OI%2FSuQfeTa0SDJuvLw%3D%3D&trk=flagship3_search_srp_jobs,True
"
            Data Analyst (TEMP)
          ","

              University of Miami
            
","

Miami, FL
 
",http://www.linkedin.com/jobs/view/2512215177/?eBP=JOB_SEARCH_ORGANIC&recommendedFlavor=ACTIVELY_HIRING_COMPANY&refId=Q5ZulEQg%2BtTaMAu6SYe3CQ%3D%3D&trackingId=Vyqs0eoervroBSVxG6wL8A%3D%3D&trk=flagship3_search_srp_jobs,True
"
            Entry Level Data Analyst
          ","

              Asta CRS, Inc.
            
","

Miami, FL
 
",http://www.linkedin.com/jobs/view/2516947473/?eBP=JOB_SEARCH_ORGANIC&recommendedFlavor=ACTIVELY_HIRING_COMPANY&refId=Q5ZulEQg%2BtTaMAu6SYe3CQ%3D%3D&trackingId=f2rEurNnuFBpfeEbV75bKA%3D%3D&trk=flagship3_search_srp_jobs,True
"
            Sales Support Analyst
          ","

              Atlas Air
            
","

Miami, FL
 
",http://www.linkedin.com/jobs/view/2523514012/?eBP=CwEAAAF5Gwv_GRWl0gsBNrbmO0C0FOMHMAfunNe5QWT5MhY3t_kSeabGcZC881B9tCIOqQwGBK7pGS76dzpHgMNN5wlMmVsr-hDBu_kNttrhVZuNTooD5QKjrSJ0EClzQTyQ-BIf0IH0F1hDAPXKfR5burFBWby4yhWmzVKDS5Egbl_OY4tTjbnFlC68Ndwfx5hBDCWYt69SdOmNVWrUlp8xLaJdGOZqxuLDV-6PnUzQpXLQyx5dqhCLlyMGV2NOWp-Kv25jR9rPTVNLDayiN20A3_yClFJBALb_A53_p771TqIiMHV15HHbwHdSScQg6IHHZW4Oj7GA-5Gj-HvkIUuKHFkIoQIBvX__IqpwGQOg50EiDKv0wUIO1cecsxCgjZ90Wm3mdKy6&recommendedFlavor=ACTIVELY_HIRING_COMPANY&refId=Q5ZulEQg%2BtTaMAu6SYe3CQ%3D%3D&trackingId=3T6Iwo%2FAmexht6Ccvfgalw%3D%3D&trk=flagship3_search_srp_jobs,False
"
            Treasury Data Analyst
          ","

              BankUnited
            
","

Miami, FL
 
",http://www.linkedin.com/jobs/view/2392353955/?eBP=CwEAAAF5GwaIwS-vWRHqRjN5gh9Wv_97yOj4Tc9zbd0yoCNOlm4FPZ7R4DNi0VTCgSNZBgwTaJHHhLZJ8XeP8e1qcuEYWPAiQXVt8rfobWw3tx8vbZzXfLXr340HNmpADuBmtCHO4fEdtJvvL5qkUeymH8c90UOSxmIdX0q-rvmRMuL7rVfw19zXmUkHZc6mX1xymdRlQm9o8As77f-Bw0B2MvohGsdO6_NtADZIjTqzbtUqWwvtVrjaHmGDZ7dtCxvEMkOnWTkhNogyNXim0WkjfrR3v4u_yZivNUJ0yWpqGC9tb_tcAJS0uF_lLaq3bS4IPZeOUgEisDeP3Pl9x9XX5nH7uVlH5P4s1JnUUJEOJ4e-Pj-k4l5b_Y2jU6FOAT9XrS2sYg&recommendedFlavor=ACTIVELY_HIRING_COMPANY&refId=nmZoDXFp5t0jm8NMqcQLNw%3D%3D&trackingId=lr%2Fws2%2BiSoMbcqK0UhGHeA%3D%3D&trk=flagship3_search_srp_jobs,True
"
            Business Data Analyst
          ","

              Auth0
            
","

Miami, FL
 
",http://www.linkedin.com/jobs/view/2497735525/?eBP=CwEAAAF5GwaIwbxa_w6vk8vQ42D4bCpG2OXQWfnn8rm2JAQU1PDdPdkMCRkXjtfubGo_IMCQBCpnPZOC0rowRVVQsxUz6oI98seI0fhdAXBtwFG5Ex4j63IjUI8DMpLU6el8zhng64DCuPajQv6NV5QbGF4ms9ahiQ9ZsLi3pV0ZhP91sVn88cezGxOjRQm4aOXgkPzcP-YRBbE-RgIiTE5IU-B4l3sPZmzt6m3e_xVBrtc3ZKzVkhyP3ga68ONP-qOYhjUV7EPVtIkUAP9oynnFSXOOmse7kUwhLY7QhSrwgE2wxhVXM1rtYbpL58noRpjaB58FStuy1p5EpBeq01_zVTff-Iz-5sgrxOqCZZlcZySGFrPvmewriDG7z9460tfQJ2aruA&recommendedFlavor=ACTIVELY_HIRING_COMPANY&refId=nmZoDXFp5t0jm8NMqcQLNw%3D%3D&trackingId=gNoEmHMNKGwUiYPtp0dwmg%3D%3D&trk=flagship3_search_srp_jobs,True
"
            Data/Reporting Analyst
          ","

              BankUnited
            
","

Miami, FL
 
",http://www.linkedin.com/jobs/view/2185780885/?eBP=CwEAAAF5GwaIwb3L9sSTUuhNhgVZRteZbJKeHN0p1-jn4uLw3iWUYRY2KX6zI0Hp7pvlSxsw_5wD9UStQTNZOcLCcKurpxCg2y8iO3JCcZWZwZS8kwSrPlzMLl8XaczYXH861_yj2tWwdZY56anxU6PDJgP9sMVcFPdLslIKHEvI2z3XgOYGW5HOELSYk69QnZZJvKlW3l1VCNIsu2h_wHOlkDoZtt_30ptHG3wYb8j4Xx2tlS3DyzsiGi171tVHHpWQL9cRnOly659sqZH6KkKcj7dHTCihQDL9QfG-mkfR-3j1ctV-QazaoiECq5xGWBUUeXR_4wXWNEzWH1grnNlE2SaCoO6_Ckq4iPA_M-zN6REeXHzo5fekJGp9k5gAOz-ua70&recommendedFlavor=ACTIVELY_HIRING_COMPANY&refId=nmZoDXFp5t0jm8NMqcQLNw%3D%3D&trackingId=0BlayjcPgTQlsGZhZnp5Ig%3D%3D&trk=flagship3_search_srp_jobs,True
"
            Marketing Data Analyst
          ","

              Zendesk
            
","

Miami, FL
 
",http://www.linkedin.com/jobs/view/2502526055/?eBP=CwEAAAF5GwaIweofSj8ExRZGUZSBTxceqda3W0u2QdoQYZ-e4hYUd8A1Aun8sm3lFl7ZwxoUXdYT-MAaye9wJ5WeIg8Txc4QGFAjt2QDhkvLxITxOZnhOdD0ZJ7PMH_gFNoDKgLzfmdtQoc8zWJvIhqdVUeTFDgxO7K2vzy19AeiEQNuxE7C5b1DnJr8A4BWwLMK7s_haqomPTJKcwPcJcuY_gu1Z7Kl6ePbpRHGRGs9wmgzrUnvDNLKfyrn1uUGlJQoOf2bkEYbb1NpEfFVJEo2UwIli0tjmZ53etaJE6mk8OCNSOfvqqzNTtauRv0GNLYkuJKniNjTWVtsCOtxr4zmqV1EgQHzTFa9nscbZj7zbw86TFabxiz-XFBT3qMRxEVbxDTXgw&recommendedFlavor=ACTIVELY_HIRING_COMPANY&refId=nmZoDXFp5t0jm8NMqcQLNw%3D%3D&trackingId=OcZ5gViEnLirD5TSJtqlpQ%3D%3D&trk=flagship3_search_srp_jobs,True
"
            Data Analyst (TEMP)
          ","

              University of Miami
            
","

Miami, FL
 
",http://www.linkedin.com/jobs/view/2512215177/?eBP=JOB_SEARCH_ORGANIC&recommendedFlavor=ACTIVELY_HIRING_COMPANY&refId=nmZoDXFp5t0jm8NMqcQLNw%3D%3D&trackingId=aedVqTPC7OjgzvrDV%2F4Yng%3D%3D&trk=flagship3_search_srp_jobs,True
"
            Entry Level Data Analyst
          ","

              Asta CRS, Inc.
            
","

Miami, FL
 
",http://www.linkedin.com/jobs/view/2516947473/?eBP=JOB_SEARCH_ORGANIC&recommendedFlavor=ACTIVELY_HIRING_COMPANY&refId=nmZoDXFp5t0jm8NMqcQLNw%3D%3D&trackingId=ldl9fowLX%2Bo%2F6VXzcHmawA%3D%3D&trk=flagship3_search_srp_jobs,True
"
            Data Entry Analyst
          ","

              Miami Recovery Project
            
","

Miami, FL
 
",http://www.linkedin.com/jobs/view/2512264486/?eBP=CwEAAAF5GwaIweRWwPjJ8lQVWFT59bke-iUMVekrazGbJiwXoNVFmLPHD4iMtuAJ0yxVrr_6E6nxBI8-bLtUWRtNT30FKFsWAb8lMVJY8B_mENWNCMBRSb17_ISPETg3nt3nFr7oCF5gtTdBJFaf2rrBtlO2hbMosc4m5iv01QFigrh-yxbWPuoO-X7LnG02rwomcAsHDbSVThzdeCQsiQwbj6a-2VTjqviFMmO1q-4KtxiNLHeWp4NafzguEgbThb0tr4UsK0yksuMOeX83_W_LSWx0wYrYLsVNj61weVHLa3O0-45m3n1mR02OfzeiAxMH7LyAHqU0m3fI-SLtg0W98BkQjO0e_qbmj_Kh7I1AwO_UX_0Wn1D_fmCw0zYv1QvLTAeolP-c&recommendedFlavor=JOB_SEEKER_QUALIFIED&refId=nmZoDXFp5t0jm8NMqcQLNw%3D%3D&trackingId=x8Yc59EBXZXWzfS3gI1IzQ%3D%3D&trk=flagship3_search_srp_jobs,True
"
            Treasury Data Analyst
          ","

              BankUnited
            
","

Miami, FL
 
",http://www.linkedin.com/jobs/view/2392353955/?eBP=CwEAAAF5GwWliOs7_FDqt2XdJY8feHmmAmuTjs9Cy33A8ypIs6CHzn3zJY0VGOumIE02sEryY9yN-nkl5zEEcZoQhz2DVizjVpguCAC59BmwLfngoRRi51nS8dh6m2RbH2uLgOXbmnxHBy84zmI6ITLwqtq18RxcvFVZbymZK3vr_ewEazBgpaAg4KmA-FTzIh2TVZgYWfmyXDQtsO-AV9xQ38w-Pmkoior3Uuz76lEqOU2JAjJ5uYYw9eNbKCIebKrOiJcu3JJ2JBlTDcjYlPlHfcqOhD0c-Q-ebKo2oi3lr8SFmAYo20X-vFLG9OjivycE-OsgVOOLtwjnUFMqTZAfvtqh4NRPQWjgXf6eE29R_i7jZva88sMSDT89zxUac8JWKPU7mMxVmoQ&recommendedFlavor=ACTIVELY_HIRING_COMPANY&refId=ic6ZGIg%2B%2Blgt1NsSszBUNQ%3D%3D&trackingId=xXN4cNc0ymqnYyewXa43VA%3D%3D&trk=flagship3_search_srp_jobs,True
"
            Business Data Analyst
          ","

              Auth0
            
","

Miami, FL
 
",http://www.linkedin.com/jobs/view/2497735525/?eBP=CwEAAAF5GwWliWXfJ6SIHfchE9dCLlVOcZyoPUFDUtc9dCWkSHg1X0BL28HjDYg2d4H--cx-kf_WaS9x4xDrIlNNMWN5IO1VHbi8aWOqxDYpTdalJQwb-MWBdiU5n5zHPHHRNEqP-IUKDox1V06XgXV2CTnS-1eeu82S7LAQj87WQfsqfnEPJyLWQItsNCFxmZqdo2eVTn4LmjZ1QxPeLQ3iPUsMy7lTWtNY8iX0FlHXpxga4sBmMn-aH9JY1_lv793gVw-Yp_XY-Hg2kNO8JSNrnrA2YTnrkv8quyiCJ0JI129cyMUlGdjfcVClxIfptoTjk3PV0WXM-RrhfcvDq8qv_PqI1o2dkeB7BdwmJdbm_HzVNyGi3qgflj-zqVCtKBxPOwPyxLZ5Jdg&recommendedFlavor=ACTIVELY_HIRING_COMPANY&refId=ic6ZGIg%2B%2Blgt1NsSszBUNQ%3D%3D&trackingId=2OU035GwBpegOvltGtwLiQ%3D%3D&trk=flagship3_search_srp_jobs,True
"
            Data/Reporting Analyst
          ","

              BankUnited
            
","

Miami, FL
 
",http://www.linkedin.com/jobs/view/2185780885/?eBP=CwEAAAF5GwWliYeqj1ha_1bArzEI9YKrqYtPCaCdAUe-DfNce17Lle94cVcMo5HAapF1sfbDumEP6fFtcljva4YUvxbHlMLrR2PSuj_xKqlYZr5oFxM1CQQicAK5JNG1S2ojl-Pc8j2vv5-2S-jdnGzg6qsSqkF55iNX-dOKM1-4yGyjNy3KDKkdLDkQWqJLqCSHTW7T8A6zo0e_EcuARA4tdGU7Buc7pLXxROIPMsl_Zgaan_ZfGxNLBCC1KhB0YEs95Ux4bXSGaMTC01BfSNMMxRHW_abl4d2Xwv26K6Roqtvpd0I2cHtbdTZ9g4Xw-BSCflGNe27h5jNVqXHh9KuYM_vTwCy96Hg3vaStS2pKkqb5vY26T2pN8CRQKpn2cUdTxHcm1F6C&recommendedFlavor=ACTIVELY_HIRING_COMPANY&refId=ic6ZGIg%2B%2Blgt1NsSszBUNQ%3D%3D&trackingId=8raZNfo4oqYPO%2FaY9Xrb3Q%3D%3D&trk=flagship3_search_srp_jobs,True
"
            Marketing Data Analyst
          ","

              Zendesk
            
","

Miami, FL
 
",http://www.linkedin.com/jobs/view/2502526055/?eBP=CwEAAAF5GwWliX_NOx0VXOV1CCn9XGrPQuVjOFFEs7rq8SVTBtewNBqzfq_ApqYY_Z7A0uG5Uo_Cubm6Nr4xD9rL9gKAtqwcc_ZeD4WXddw67x3wzgUWfRGTxNfTMhgkJhUW53_IrB1bAtBd7tZKFD5e6AM9Zsa6MZCKKrzRc18BkPjXnHBoyn_z5GpHnvAJrSkfI32cn1MYSC6eElPlUGLEpB8t6Qp37n84z0ogBFDmwQ9lk0fB_Nq2RrrkOrjcVGBIv4m_BSHbKE2Pde_IFCE1Q4QWW_HvMJDCzzOPhjRUCZiETCk-_0WFVavayt7cQ8P9Z6Ck6ivCdtCu3QBhCU0d82Fl5G7k-u7RKZhC-JE9pfdFlV4uYJZIEUX_e2QP5Hhhlj1YEc59JRY&recommendedFlavor=ACTIVELY_HIRING_COMPANY&refId=ic6ZGIg%2B%2Blgt1NsSszBUNQ%3D%3D&trackingId=l4A9Ie8YM1uGYgqLejbIoA%3D%3D&trk=flagship3_search_srp_jobs,True
"
            Data Analyst (TEMP)
          ","

              University of Miami
            
","

Miami, FL
 
",http://www.linkedin.com/jobs/view/2512215177/?eBP=JOB_SEARCH_ORGANIC&recommendedFlavor=ACTIVELY_HIRING_COMPANY&refId=ic6ZGIg%2B%2Blgt1NsSszBUNQ%3D%3D&trackingId=wzzOCjsJFBGkk9EqiqFRuQ%3D%3D&trk=flagship3_search_srp_jobs,True
"
            Entry Level Data Analyst
          ","

              Asta CRS, Inc.
            
","

Miami, FL
 
",http://www.linkedin.com/jobs/view/2516947473/?eBP=JOB_SEARCH_ORGANIC&recommendedFlavor=ACTIVELY_HIRING_COMPANY&refId=ic6ZGIg%2B%2Blgt1NsSszBUNQ%3D%3D&trackingId=frDrlSZwEdK%2F6G1cz%2B8oQg%3D%3D&trk=flagship3_search_srp_jobs,True
"
            Data Entry Analyst
          ","

              Miami Recovery Project
            
","

Miami, FL
 
",http://www.linkedin.com/jobs/view/2512264486/?eBP=CwEAAAF5GwWliR5MVn-QdhXV_iGXSpUM4kCLqr4IckWbzPYGekWSablaGeFYNKQBkmz3_VxtzKe-_yvHxfry4Wzfx1a6aamEVHWnpD9I_GmfsAObbkq5X2UNVI-CEMtRbwUNZV2vG0TnZz631_ztXRAzilvMoY8kYKg2c0Fjm9FKZpVvKWm-oCpyd0Ayf6vai70VWboBbqqvvkD2JlW6NO_KCyfvCCbJEuTEgxYpLdEuWavgyb8oqUIc2dbuNBRs2rtzoaKbannX1DhYBXkJuCF93XR2NoVodHjqSgROIIZMsY0NiifgOaBksEJDk_mQgympjyEZWsNzgMq8rFbWEBBdQ6ZjZcnYeo_tEmLtM3MvpMXEbng11LDM3ap9hYu7I3lJzFWlj80jPC09fQ&recommendedFlavor=JOB_SEEKER_QUALIFIED&refId=ic6ZGIg%2B%2Blgt1NsSszBUNQ%3D%3D&trackingId=eUal1CRIc1ZDymJ9FF4hKw%3D%3D&trk=flagship3_search_srp_jobs,True
